,user_id,book_id,rating
0,7416,8763,4
1,7416,7159,5
2,7416,4121,5
3,7416,4084,4
4,7416,4308,5
5,7416,4065,4
6,7416,9892,4
7,7416,4083,4
8,7416,8042,4
9,7416,4278,4
10,7416,5165,4
11,7416,8134,4
12,7416,4730,4
13,7416,9869,5
14,7416,8694,5
15,7416,5499,4
16,7416,2430,4
17,7416,8256,5
18,7416,558,5
19,7416,631,4
20,7416,652,5
21,7416,563,5
22,7416,197,5
23,7416,527,5
24,7416,9366,5
25,7416,207,5
26,7416,8542,5
27,7416,6325,5
28,7416,6585,4
29,7416,7996,4
30,7416,7911,5
31,7416,8008,5
32,7416,7512,5
33,7416,7574,5
34,7416,7150,4
35,7416,6923,5
36,7416,5825,5
37,7416,5340,5
38,7416,5042,5
39,7416,4423,5
40,7416,3824,5
41,7416,832,5
42,7416,2405,4
43,7416,6942,4
44,7416,3887,5
45,7416,724,5
46,7416,6741,5
47,7416,4693,4
48,7416,748,5
49,7416,433,4
50,8661,26,5
51,8661,86,5
52,8661,2,5
53,8661,3,5
54,8661,433,5
55,8661,841,5
56,8661,889,5
57,8661,1291,5
58,8661,1473,5
59,8661,197,5
60,8661,527,5
61,8661,558,5
62,8661,652,5
63,8661,748,5
64,8661,2591,5
65,9012,10,5
66,9012,66,5
67,9012,461,4
68,9012,148,5
69,9012,118,5
70,9012,241,4
71,9012,1970,4
72,8661,2287,5
73,8661,1257,5
74,8661,2126,5
75,8661,449,5
76,13340,310,4
77,13340,4425,4
78,13340,3990,4
79,13340,3832,4
80,13340,3608,4
81,13340,2911,4
82,13340,50,4
83,13340,42,5
84,13340,40,4
85,13340,72,4
86,13340,86,4
87,13340,15,4
88,13340,2,4
89,13340,137,4
90,13340,54,4
91,13340,156,4
92,13340,455,4
93,13340,1072,4
94,13340,168,5
95,13340,176,5
96,13340,243,4
97,13340,305,4
98,13340,488,5
99,13340,725,4
100,13340,806,5
101,13340,670,4
102,13340,675,5
103,13340,936,4
104,13340,953,5
105,13340,705,4
106,13340,1261,4
107,13340,1248,4
108,13340,1053,4
109,13340,1208,4
110,13340,441,5
111,13340,1360,4
112,13340,1900,5
113,13340,1589,4
114,13340,1423,5
115,13340,2041,4
116,13340,1339,4
117,13340,2155,4
118,13340,2979,4
119,13340,4524,4
120,13340,3937,4
121,13340,4642,5
122,13340,5568,4
123,13340,3735,4
124,13340,9559,4
125,13340,8630,4
126,13340,8359,5
127,13340,3205,4
128,13340,7015,4
129,13340,2589,4
130,13340,1879,4
131,13340,4431,4
132,13340,2708,4
133,13340,726,4
134,13340,2890,4
135,13340,7180,5
136,13340,6277,4
137,13340,8972,4
138,13340,8541,4
139,13340,8756,4
140,13340,9981,4
141,13340,8730,4
142,13340,1086,4
143,13340,2090,4
144,13340,1553,4
145,13340,2224,4
146,13340,2341,4
147,13340,2605,4
148,13340,5410,4
149,13340,5370,4
150,13483,4,5
151,13483,8,5
152,13483,14,5
153,13483,32,5
154,13483,28,5
155,13483,58,5
156,13483,42,4
157,13483,79,5
158,13483,71,5
159,13483,26,5
160,13483,72,5
161,13483,209,5
162,13483,15,5
163,13483,92,5
164,13483,2,5
165,13483,19,5
166,13483,10,5
167,13483,76,5
168,13483,66,5
169,13483,89,5
170,13483,13,5
171,13483,55,5
172,13483,54,5
173,13483,136,5
174,13483,25,5
175,13483,18,5
176,13483,24,5
177,13483,27,5
178,13483,21,5
179,13483,23,5
180,13483,7,5
181,13483,85,5
182,13483,9,5
183,13483,16,5
184,13483,98,5
185,13483,140,5
186,13483,1086,5
187,13483,1553,5
188,13483,2224,5
189,13483,2303,5
190,13483,2550,5
191,13483,2549,5
192,13483,2911,5
193,13483,3510,5
194,13483,3166,5
195,13483,3608,5
196,13483,3832,5
197,13483,3990,5
198,13483,4656,5
199,13483,3874,5
200,13483,5295,5
201,13483,4425,5
202,13483,5609,5
203,13483,4867,5
204,13483,5410,5
205,13483,7600,5
206,13483,5370,5
207,13483,8398,5
208,14888,389,4
209,14888,565,4
210,14888,802,5
211,14888,1071,4
212,14888,1989,4
213,14888,2219,4
214,14888,2399,4
215,14888,2458,4
216,14888,2461,4
217,14888,110,5
218,14888,135,5
219,14888,307,5
220,14888,951,5
221,14888,196,5
222,14888,70,5
223,14888,859,4
224,14888,1412,4
225,14888,2342,5
226,14888,6316,4
227,14888,4120,4
228,14888,772,4
229,14888,14,4
230,14888,28,4
231,14888,599,4
232,14888,751,4
233,14888,1014,4
234,15102,209,5
235,15102,222,5
236,15102,266,4
237,15102,2,5
238,15102,7,5
239,15102,19,5
240,15102,53,4
241,15102,13,5
242,15102,54,5
243,15102,70,5
244,15102,400,4
245,15102,276,5
246,15102,371,5
247,15102,126,5
248,15102,39,5
249,15102,110,5
250,15102,135,5
251,15102,165,5
252,15102,492,5
253,15102,25,5
254,15102,18,5
255,15102,24,5
256,15102,23,5
257,15102,155,5
258,15102,37,5
259,15102,3693,5
260,15102,838,5
261,15102,1213,5
262,15102,1646,5
263,15102,168,5
264,15102,232,5
265,15102,305,4
266,15102,349,4
267,15102,612,5
268,15102,806,5
269,15102,936,5
270,15102,953,5
271,15102,1053,4
272,15102,1139,4
273,15102,944,4
274,15102,2352,4
275,15102,192,5
276,15329,2,5
277,15329,10,5
278,15329,156,4
279,15329,25,5
280,15329,18,5
281,15329,24,4
282,15329,27,5
283,15329,23,4
284,15329,52,4
285,15329,1578,4
286,15329,1483,5
287,15329,6667,4
288,15329,841,5
289,15329,433,5
290,15329,889,4
291,15329,1336,4
292,15329,1513,4
293,15329,558,5
294,15329,197,4
295,15329,527,4
296,15329,563,4
297,15329,652,4
298,15329,624,4
299,15329,724,4
300,15329,41,4
301,15329,175,4
302,15329,214,4
303,15329,159,4
304,15329,73,5
305,15329,834,4
306,15329,455,5
307,15329,207,4
308,15329,1181,4
309,15329,1627,5
310,15329,4895,4
311,15329,6132,4
312,15329,147,5
313,15329,210,5
314,15329,384,5
315,15329,394,5
316,15329,419,5
317,15329,418,5
318,15329,543,5
319,15329,246,4
320,15329,783,4
321,15329,449,4
322,15329,643,4
323,15329,491,4
324,15329,814,4
325,15329,805,4
326,15329,1093,4
327,15329,202,4
328,15329,434,4
329,15329,169,4
330,15329,683,4
331,15329,716,5
332,15329,286,4
333,15329,302,4
334,15329,28,4
335,15329,1,4
336,15329,20,4
337,15329,17,4
338,15329,759,4
339,15499,3875,5
340,15499,9495,4
341,15499,7618,5
342,15499,9415,4
343,15499,2887,5
344,15499,2807,5
345,15499,3330,5
346,15499,3673,5
347,15499,1273,5
348,15499,3814,5
349,15102,1862,5
350,15102,2977,5
351,15102,274,5
352,15102,16,4
353,15102,330,5
354,15102,332,4
355,15102,347,4
356,15102,542,4
357,15102,628,4
358,15102,2673,5
359,15102,1972,5
360,15102,2730,5
361,15102,2859,4
362,15102,5201,4
363,15102,7830,5
364,15102,8264,5
365,15102,1871,5
366,15102,6561,4
367,15499,2306,5
368,8661,1779,5
369,8661,4293,4
370,15102,336,5
371,15102,1379,4
372,15102,1763,5
373,15102,890,5
374,15102,389,5
375,13340,31,5
376,13340,16,5
377,13340,98,4
378,13340,140,4
379,15102,1262,5
380,15102,2045,4
381,15102,2817,4
382,15102,6188,4
383,15102,8049,4
384,15102,9675,4
385,15102,9749,4
386,15102,3125,5
387,15102,8824,5
388,15102,7787,5
389,15102,7213,4
390,15102,9657,4
391,15102,9388,5
392,15102,9935,4
393,15102,5109,4
394,15102,8133,5
395,15102,5486,4
396,15102,481,5
397,15102,760,5
398,15102,2564,4
399,15102,432,5
400,15102,2196,4
401,15102,2646,4
402,15102,1914,5
403,15102,3754,5
404,15102,575,4
405,15102,1117,4
406,15102,2594,5
407,15102,5343,5
408,16027,3,5
409,16027,35,5
410,16027,26,5
411,16027,56,5
412,16027,9,4
413,16027,3189,5
414,16027,3571,5
415,16027,3902,5
416,16027,3859,5
417,16027,4433,5
418,16027,4805,5
419,16027,1840,5
420,16027,3382,5
421,16027,4556,5
422,16027,2317,5
423,16027,7576,5
424,16027,5218,5
425,16027,5760,5
426,16027,4781,5
427,16027,5659,5
428,16027,8050,5
429,16027,7112,5
430,16027,3215,5
431,16027,7583,5
432,16027,246,5
433,16027,643,5
434,16027,783,5
435,16027,814,5
436,16027,805,5
437,16027,1696,5
438,16027,3176,5
439,16027,2662,5
440,16027,3336,5
441,16027,3687,5
442,16027,3326,5
443,16027,3862,5
444,16027,1540,5
445,16027,2038,5
446,16027,6056,5
447,16027,51,5
448,16027,153,5
449,16027,134,5
450,16027,2134,5
451,16027,2593,5
452,16027,3165,5
453,16027,5473,5
454,16027,433,5
455,16027,889,5
456,16027,1336,5
457,16027,1473,5
458,16027,5112,5
459,16027,202,5
460,16027,52,5
461,16027,210,5
462,16027,419,5
463,16027,543,5
464,16027,1803,5
465,16027,3083,5
466,16027,2394,5
467,16027,7797,5
468,16027,3486,5
469,16027,3289,5
470,16027,6086,5
471,16027,6563,5
472,16027,5803,5
473,16027,6239,5
474,16027,5403,5
475,16027,6635,5
476,8661,980,4
477,8661,2762,5
478,8661,1070,5
479,8661,3001,5
480,8661,6048,4
481,8661,3522,5
482,15499,4806,4
483,15499,3174,4
484,15499,3601,4
485,15499,5672,5
486,15499,4571,5
487,15499,8208,4
488,15499,562,5
489,15499,6292,4
490,15499,1546,4
491,15499,1653,4
492,15499,1636,4
493,15499,1889,4
494,15499,1962,4
495,15499,2614,4
496,15499,1230,4
497,15499,1346,4
498,15499,2828,4
499,15499,3819,5
500,15499,4889,4
501,15102,1528,4
502,15102,633,4
503,7416,1,4
504,7416,17,5
505,15102,2900,4
506,15102,8131,5
507,8661,5566,5
508,21870,167,4
509,21870,322,4
510,21870,312,4
511,21870,377,4
512,21870,2170,4
513,21870,1071,5
514,21870,2399,4
515,21870,2461,4
516,21870,4530,4
517,21870,47,4
518,21870,7493,5
519,21870,39,5
520,21870,110,4
521,21870,135,5
522,21870,188,5
523,21870,598,4
524,21870,7798,4
525,21870,258,4
526,21870,1467,4
527,21870,104,4
528,21870,746,5
529,21870,192,4
530,21870,2285,4
531,21870,1964,4
532,15102,584,4
533,13483,433,5
534,13483,841,5
535,13483,1336,5
536,13483,1473,5
537,13483,1483,5
538,13483,1513,5
539,13483,2237,4
540,15102,565,5
541,15499,192,4
542,15499,307,4
543,21870,4881,4
544,21870,5752,5
545,21870,4228,4
546,21870,6611,5
547,21870,5879,4
548,21870,7014,5
549,21870,2385,4
550,8661,1513,5
551,23804,1257,5
552,8661,34,5
553,8661,99,5
554,8661,96,5
555,5897,1816,4
556,21870,2669,4
557,21870,3298,5
558,21870,3278,4
559,15102,307,5
560,13483,197,5
561,13483,558,5
562,13483,563,5
563,13483,748,5
564,13483,527,5
565,13483,631,5
566,13483,624,5
567,13483,246,5
568,13483,643,5
569,13483,449,5
570,13483,491,5
571,13483,783,5
572,13483,1588,5
573,13483,1201,5
574,15102,599,4
575,15102,6936,4
576,15102,722,5
577,8661,3527,4
578,8661,4997,4
579,8661,1932,5
580,21870,307,5
581,26296,76,4
582,26296,171,4
583,26296,98,5
584,26296,140,5
585,26296,847,4
586,26296,618,4
587,26296,265,4
588,26296,1467,5
589,26296,3416,5
590,26296,5242,4
591,26296,5058,4
592,26296,1313,4
593,26296,7247,4
594,26296,3070,4
595,26399,8216,4
596,26399,266,5
597,26399,2184,4
598,26399,2398,5
599,26399,2547,4
600,26399,2737,4
601,26399,2746,4
602,26399,3223,4
603,26399,3066,4
604,26399,3829,4
605,26399,4490,4
606,26399,31,5
607,26399,527,4
608,26399,558,4
609,26399,652,4
610,26399,624,4
611,26399,5499,5
612,26399,3158,4
613,26399,3431,4
614,26399,3653,4
615,26399,3035,4
616,5897,6074,4
617,8661,904,4
618,15102,8222,5
619,15102,7411,4
620,27851,20,4
621,27851,4819,4
622,27851,5539,4
623,27851,17,5
624,27851,169,4
625,27851,9446,4
626,27851,52,4
627,27851,49,4
628,27995,7938,5
629,27995,266,5
630,27995,336,5
631,27995,569,4
632,27995,674,5
633,27995,1351,4
634,27995,1535,4
635,27995,1379,5
636,27995,1763,5
637,27995,1841,5
638,27995,2012,5
639,27995,2184,5
640,27995,2214,5
641,27995,2398,5
642,27995,2519,5
643,27995,2277,5
644,27995,2568,5
645,27995,2737,5
646,27995,2746,4
647,27995,3455,5
648,27995,2981,5
649,27995,3162,4
650,27995,2785,5
651,27995,3223,5
652,27995,3066,5
653,27995,2354,4
654,27995,3098,4
655,27995,1746,5
656,27995,3163,5
657,27995,3713,4
658,27995,2974,4
659,27995,4095,5
660,27995,3622,5
661,27995,3829,5
662,27995,4986,4
663,27995,3801,5
664,27995,3823,5
665,27995,3112,5
666,27995,5314,5
667,27995,6728,4
668,27995,5642,4
669,27995,5966,4
670,27995,3864,4
671,27995,6059,4
672,27995,6237,5
673,27995,5834,5
674,27995,4490,5
675,27995,8777,4
676,27995,3845,4
677,27995,4048,5
678,27995,8505,5
679,27995,6294,5
680,27995,7007,5
681,27851,327,5
682,8661,1653,5
683,8661,1962,5
684,8661,2614,4
685,8661,3408,5
686,27851,280,5
687,27851,655,4
688,5897,7480,5
689,27851,5697,5
690,29684,912,5
691,29684,996,5
692,29684,1151,5
693,29684,1226,5
694,29684,1232,5
695,29684,1267,5
696,29684,1390,5
697,29684,1627,5
698,29684,1821,5
699,29684,1959,5
700,29684,1811,5
701,29684,2138,5
702,29684,2094,5
703,29684,3025,5
704,29684,3515,5
705,29684,2264,5
706,29684,4159,5
707,29684,3113,5
708,29684,6132,5
709,29684,7241,5
710,29684,8763,5
711,29684,463,5
712,29684,554,5
713,29684,712,5
714,29684,864,5
715,29684,1026,5
716,29684,3780,5
717,29684,1275,5
718,29684,527,5
719,29684,563,5
720,29684,652,5
721,29684,624,5
722,29684,724,5
723,29684,748,5
724,29684,871,5
725,29684,1201,5
726,29684,1588,5
727,29684,2154,5
728,29684,3188,5
729,29684,8725,5
730,29684,99,5
731,29684,140,5
732,29684,345,5
733,29684,3713,5
734,29684,480,5
735,29684,7655,5
736,27851,1118,5
737,27851,206,5
738,27851,525,5
739,27851,2294,5
740,27851,4705,5
741,29684,4406,4
742,29684,531,5
743,29684,726,4
744,29684,126,5
745,29684,168,5
746,29684,72,5
747,29684,59,5
748,29684,743,5
749,29684,3605,5
750,29684,575,5
751,29684,660,5
752,29684,281,5
753,29684,243,5
754,29684,1922,5
755,29684,3804,5
756,29684,1037,5
757,29684,441,5
758,29684,521,5
759,29684,488,5
760,29684,305,5
761,29684,349,5
762,29684,609,5
763,29684,227,5
764,29684,596,5
765,29684,1578,5
766,29684,3513,5
767,29684,1260,5
768,29684,3876,5
769,29684,703,5
770,29684,3803,5
771,29684,6539,5
772,29684,1719,5
773,29684,8986,5
774,29684,5558,5
775,29684,2701,4
776,15499,5576,5
777,8661,2803,5
778,8661,4897,5
779,8661,3496,5
780,8661,4479,4
781,8661,3105,4
782,8661,8208,5
783,29790,192,5
784,29790,307,5
785,29790,450,4
786,29790,891,4
787,29790,1034,5
788,29790,1127,4
789,29790,1228,4
790,29790,1304,4
791,29790,1340,5
792,29790,1394,4
793,29790,1630,5
794,29790,1602,5
795,29790,1690,4
796,29790,1479,4
797,29790,2518,4
798,29790,2631,4
799,29790,2493,4
800,29790,2407,4
801,29790,2448,4
802,29790,3309,4
803,29790,2102,4
804,29790,746,5
805,29790,565,4
806,29790,562,4
807,29790,1049,4
808,29790,910,5
809,29790,1881,4
810,29790,400,4
811,29790,39,4
812,27851,23,4
813,27851,1197,4
814,29790,7551,4
815,29790,3178,4
816,29790,126,4
817,29790,70,5
818,29790,3817,4
819,23804,6665,5
820,23804,3783,5
821,23804,3,5
822,23804,49,4
823,23804,52,4
824,23804,56,4
825,23804,205,5
826,23804,696,5
827,23804,898,5
828,23804,1533,4
829,23804,1633,5
830,23804,1993,5
831,23804,3496,5
832,29790,54,5
833,29790,599,4
834,29790,751,4
835,29790,5298,4
836,29790,19,4
837,29790,161,4
838,23804,166,4
839,23804,6,5
840,26399,904,4
841,26399,4802,4
842,5897,1142,4
843,26399,5576,4
844,26399,4889,4
845,26399,2887,4
846,26399,912,4
847,26399,1067,4
848,26399,1151,4
849,26399,1226,4
850,26399,1232,4
851,26399,1181,4
852,26399,1267,4
853,26399,1390,4
854,26399,1627,4
855,13483,1115,5
856,27851,1302,4
857,27851,3901,4
858,27851,632,5
859,27851,995,5
860,27851,147,5
861,27851,1951,5
862,27851,4135,4
863,32264,8032,4
864,32264,86,4
865,32264,266,4
866,32264,123,5
867,32264,628,4
868,32264,2515,4
869,32264,450,5
870,32264,34,5
871,32264,1966,5
872,32264,2159,5
873,32264,2405,5
874,32264,2432,4
875,32264,2874,4
876,32264,3213,4
877,32264,3887,4
878,32264,8562,5
879,32264,9366,5
880,32264,1269,4
881,32264,8047,4
882,32264,5027,4
883,32264,281,4
884,32264,2830,4
885,32264,1864,4
886,32264,9217,4
887,32264,6796,4
888,32264,2059,4
889,32264,336,4
890,32264,2478,4
891,32264,3449,4
892,32264,6129,5
893,32264,3824,5
894,32264,4423,5
895,32264,5171,5
896,32264,5512,5
897,32264,5340,5
898,32264,6549,4
899,32264,7328,5
900,32264,891,5
901,32264,1034,5
902,32264,1127,5
903,32264,1228,5
904,32264,1304,5
905,32264,1340,5
906,32264,1363,5
907,32264,1394,5
908,32264,1630,5
909,32264,1479,5
910,32264,2518,5
911,32264,2493,5
912,32264,2631,5
913,32264,2448,5
914,32264,2407,5
915,32264,1654,5
916,32264,39,5
917,32264,996,5
918,32264,1067,5
919,32264,1151,5
920,32264,1181,5
921,32264,1226,5
922,32264,1232,5
923,32264,1267,5
924,32264,1821,5
925,32264,1694,5
926,32264,1627,5
927,32264,2138,5
928,32264,2094,5
929,32264,3025,4
930,32264,2264,5
931,32264,3113,4
932,32264,2502,5
933,32264,1273,5
934,32264,2306,5
935,32264,2807,5
936,32264,2887,5
937,32264,2930,5
938,32264,3673,5
939,32264,3814,5
940,32264,3819,5
941,32264,4889,5
942,13483,8990,5
943,27851,215,4
944,26399,244,4
945,27851,698,5
946,27995,22,5
947,27995,31,5
948,27995,46,5
949,27995,44,5
950,27995,784,4
951,27995,3,5
952,27995,220,5
953,27995,717,5
954,27995,1884,5
955,27995,16,5
956,27995,922,5
957,27995,2031,5
958,27995,4794,5
959,27995,832,5
960,27995,7982,5
961,27995,975,4
962,27995,2592,5
963,27995,538,5
964,27995,3443,5
965,27995,145,5
966,27995,3619,5
967,27995,2,5
968,27995,298,5
969,27995,47,5
970,27995,41,5
971,27995,182,4
972,27995,1560,5
973,27995,8,5
974,27995,6878,5
975,27995,5654,4
976,27995,2878,5
977,27995,6796,5
978,27995,6549,5
979,27995,5117,5
980,27995,2988,5
981,13483,4879,5
982,26399,4876,4
983,8661,9362,5
984,27851,7745,4
985,27851,187,4
986,5897,3462,4
987,26399,3745,4
988,27851,302,4
989,9012,467,4
990,9012,1281,4
991,9012,290,4
992,9012,199,4
993,9012,1672,5
994,9012,3308,5
995,9012,43,5
996,9012,1114,5
997,9012,1454,4
998,9012,9812,5
999,9012,12,4
1000,9012,75,4
1001,9012,172,4
1002,9012,42,5
1003,9012,76,4
1004,9012,171,4
1005,9012,3120,5
1006,9012,6927,4
1007,9012,2,5
1008,9012,252,4
1009,9012,37,5
1010,9012,671,4
1011,9012,31,5
1012,9012,272,4
1013,9012,200,5
1014,9012,672,5
1015,9012,1741,5
1016,9012,4240,5
1017,9012,414,5
1018,9012,120,5
1019,9012,5023,4
1020,9012,17,5
1021,9012,18,5
1022,9012,23,5
1023,9012,27,4
1024,9012,25,5
1025,9012,6,4
1026,9012,997,5
1027,9012,346,4
1028,9012,6499,5
1029,9012,401,4
1030,9012,523,5
1031,9012,122,4
1032,9012,540,5
1033,9012,5697,5
1034,9012,263,5
1035,9012,24,5
1036,9012,6314,5
1037,9012,90,5
1038,9012,94,5
1039,9012,179,4
1040,9012,2860,5
1041,8661,5710,5
1042,26399,8884,4
1043,5897,7987,5
1044,21870,766,4
1045,21870,1895,5
1046,21870,1572,4
1047,21870,2353,5
1048,21870,3395,5
1049,21870,3396,4
1050,21870,3660,5
1051,21870,3082,5
1052,21870,3086,4
1053,26399,494,5
1054,16027,5017,5
1055,16027,4946,5
1056,16027,1122,5
1057,16027,7780,5
1058,16027,6743,5
1059,16027,9184,5
1060,5897,7378,4
1061,33352,1505,5
1062,33352,153,5
1063,33352,134,5
1064,33352,309,5
1065,33352,319,5
1066,33352,1,5
1067,33352,12,5
1068,33352,259,5
1069,33352,327,5
1070,33352,166,5
1071,33352,946,5
1072,33352,369,4
1073,33352,2705,5
1074,33352,9011,5
1075,33352,655,5
1076,33352,376,5
1077,33352,713,5
1078,33352,17,5
1079,33352,20,5
1080,27851,423,5
1081,33352,750,5
1082,33352,8248,5
1083,33352,607,5
1084,33352,2884,5
1085,33352,1002,5
1086,33352,105,5
1087,33352,717,5
1088,26296,481,5
1089,26296,1071,5
1090,26296,1536,5
1091,26296,4243,5
1092,26399,698,4
1093,8661,3378,5
1094,33352,3057,5
1095,33352,6,5
1096,27851,51,5
1097,27851,134,5
1098,27851,506,4
1099,15102,917,4
1100,27851,1170,5
1101,27851,3057,5
1102,33352,202,5
1103,33352,434,5
1104,33352,583,5
1105,23804,5710,4
1106,27851,830,5
1107,23804,433,5
1108,27851,7437,5
1109,27851,74,5
1110,21870,5015,4
1111,21870,6135,4
1112,27851,667,4
1113,26399,889,4
1114,33352,2714,5
1115,23804,841,5
1116,23804,889,5
1117,23804,1336,5
1118,23804,1291,4
1119,23804,1513,4
1120,23804,2237,4
1121,23804,4849,5
1122,23804,7744,4
1123,5897,6650,4
1124,26296,39,5
1125,26296,135,5
1126,26296,165,5
1127,26296,188,5
1128,26296,1231,4
1129,26296,575,4
1130,26296,6851,5
1131,26296,1880,5
1132,26296,2654,5
1133,26296,3393,5
1134,26296,6380,5
1135,26296,5168,5
1136,26296,4257,5
1137,26296,6744,5
1138,26296,6581,5
1139,26296,7030,5
1140,26296,7747,5
1141,26296,7578,5
1142,26296,9133,5
1143,26296,2258,5
1144,26296,5596,4
1145,26296,1989,5
1146,26399,1336,4
1147,23804,3437,5
1148,33352,6666,5
1149,23804,7983,5
1150,23804,8267,5
1151,23804,9593,5
1152,23804,8702,5
1153,21870,3055,5
1154,15102,2825,4
1155,15102,949,4
1156,15102,1682,5
1157,15102,562,5
1158,15102,17,5
1159,15102,7082,4
1160,15102,239,4
1161,15102,98,4
1162,15102,140,4
1163,15102,8467,4
1164,23804,9015,4
1165,23804,8408,5
1166,26296,7326,5
1167,26296,5765,4
1168,26296,1622,4
1169,26296,138,4
1170,21870,2682,4
1171,21870,3483,4
1172,15499,6811,4
1173,15499,2160,4
1174,15499,3378,4
1175,15499,4305,5
1176,15499,862,4
1177,15499,1374,4
1178,26296,1759,5
1179,33352,3285,5
1180,33352,452,5
1181,23804,3927,5
1182,23804,8909,4
1183,23804,942,4
1184,27995,7184,5
1185,15499,2090,5
1186,15499,2224,4
1187,15499,2303,4
1188,15499,2341,4
1189,15499,2549,4
1190,15499,4656,4
1191,15499,5684,4
1192,15499,6080,5
1193,15499,330,5
1194,15499,510,5
1195,15499,528,5
1196,15499,722,4
1197,5897,215,5
1198,27851,5887,4
1199,5897,277,5
1200,33352,36,5
1201,27851,105,4
1202,21870,7258,4
1203,33352,1366,5
1204,27851,3116,5
1205,33352,3332,5
1206,33352,210,5
1207,5897,3270,5
1208,23804,6458,4
1209,5897,97,5
1210,23804,137,4
1211,33352,384,5
1212,21870,60,4
1213,26399,1473,4
1214,26399,1483,4
1215,26399,1513,4
1216,33352,419,5
1217,33352,418,5
1218,23804,581,5
1219,5897,3062,4
1220,21870,5554,4
1221,26296,1092,5
1222,23804,1143,5
1223,5897,8915,5
1224,44646,13,5
1225,44646,1725,5
1226,44646,514,5
1227,44646,4728,5
1228,44646,116,4
1229,44646,792,5
1230,44646,529,5
1231,44646,15,5
1232,44646,248,4
1233,44646,346,5
1234,44646,357,5
1235,44646,497,4
1236,44646,639,5
1237,44646,410,4
1238,44646,54,5
1239,44646,263,5
1240,44646,151,5
1241,44646,41,5
1242,44646,3,5
1243,44646,377,5
1244,44646,1,5
1245,44646,481,5
1246,44646,282,5
1247,44646,747,5
1248,44646,584,5
1249,44646,229,4
1250,44646,137,5
1251,44646,33,5
1252,44646,148,5
1253,44646,273,4
1254,44646,4469,4
1255,44646,57,5
1256,44646,4146,5
1257,44646,6544,5
1258,44646,46,5
1259,44646,75,5
1260,44646,78,5
1261,44646,207,5
1262,44646,2069,4
1263,44646,40,5
1264,44646,31,5
1265,44646,548,4
1266,44646,599,5
1267,44646,751,5
1268,44646,1014,5
1269,44646,2857,4
1270,44646,329,5
1271,44646,20,5
1272,44646,26,5
1273,44646,1267,5
1274,44646,1606,5
1275,44646,1390,5
1276,44646,1627,5
1277,44646,1694,5
1278,44646,2094,5
1279,44646,2264,5
1280,44646,1811,4
1281,44646,49,5
1282,44646,52,5
1283,44646,24,5
1284,44646,21,5
1285,44646,23,5
1286,44646,56,5
1287,44646,18,5
1288,44646,159,5
1289,44646,175,5
1290,44646,397,5
1291,44646,176,4
1292,44646,996,5
1293,44646,1181,5
1294,44646,1226,5
1295,44646,1821,5
1296,44646,1959,5
1297,44646,2138,5
1298,44646,7241,4
1299,5897,1199,4
1300,44646,1536,5
1301,44646,1759,5
1302,44646,1989,5
1303,44646,2219,5
1304,44646,2399,5
1305,44646,2458,5
1306,44646,2461,5
1307,44646,6696,5
1308,44646,197,5
1309,23804,2576,5
1310,23804,3732,5
1311,44646,527,5
1312,44646,356,5
1313,44646,6359,5
1314,5897,3672,4
1315,23804,5266,4
1316,23804,7061,5
1317,23804,7381,5
1318,23804,3838,4
1319,23804,6476,5
1320,23804,2762,4
1321,5897,141,4
1322,5897,8375,5
1323,23804,6193,4
1324,23804,6494,4
1325,23804,9160,5
1326,33352,1951,5
1327,33352,149,5
1328,33352,475,5
1329,23804,8820,4
1330,33352,324,5
1331,5897,126,5
1332,5897,1368,5
1333,5897,283,5
1334,5897,429,4
1335,5897,755,4
1336,5897,894,4
1337,5897,1089,4
1338,5897,1343,4
1339,5897,1924,5
1340,5897,2489,4
1341,5897,2469,5
1342,5897,2109,4
1343,5897,2611,5
1344,5897,2501,4
1345,5897,2554,4
1346,5897,2718,4
1347,5897,2881,4
1348,5897,2944,4
1349,5897,3000,4
1350,5897,3362,4
1351,5897,4565,4
1352,5897,442,4
1353,5897,1519,4
1354,33352,164,5
1355,33352,348,5
1356,15499,7834,5
1357,33352,535,5
1358,5897,682,4
1359,47482,9735,5
1360,47482,6814,5
1361,47482,3013,4
1362,47482,5838,4
1363,47482,2189,4
1364,47482,5307,5
1365,47482,8725,4
1366,47482,7470,5
1367,47482,3768,4
1368,47482,1654,5
1369,47482,1394,5
1370,47482,1228,5
1371,47482,450,5
1372,47482,3478,4
1373,47482,1263,4
1374,21870,4074,5
1375,5897,2898,4
1376,5897,276,4
1377,5897,3521,4
1378,47482,479,4
1379,47482,283,4
1380,47482,755,4
1381,47482,894,5
1382,47482,1337,5
1383,47482,1722,4
1384,47482,1924,4
1385,47482,2043,5
1386,47482,2086,5
1387,47482,2489,4
1388,47482,2470,5
1389,47482,2554,5
1390,47482,2718,5
1391,47482,3325,5
1392,47482,3200,4
1393,47482,3359,4
1394,47482,3547,4
1395,47482,3362,5
1396,47482,3731,5
1397,47482,3654,4
1398,47482,3462,5
1399,47482,126,5
1400,47482,110,4
1401,47482,165,4
1402,47482,188,4
1403,47482,891,4
1404,47482,1034,4
1405,47482,1340,4
1406,47482,1363,4
1407,47482,1450,4
1408,47482,1630,5
1409,47482,1690,4
1410,47482,2448,4
1411,47482,3309,4
1412,47482,2081,5
1413,47482,4492,5
1414,47482,5652,5
1415,47482,9721,4
1416,47482,1313,5
1417,47482,4749,4
1418,47482,4779,4
1419,47482,2154,4
1420,47482,2721,5
1421,47482,3188,5
1422,47482,4651,4
1423,47482,54,5
1424,47482,599,4
1425,47482,751,4
1426,47482,1014,4
1427,47482,1332,4
1428,47482,192,5
1429,47482,307,5
1430,47482,2218,4
1431,47482,4621,4
1432,47482,771,4
1433,33352,1965,5
1434,33352,4135,5
1435,8661,4340,4
1436,5897,6730,4
1437,33352,1169,5
1438,33352,2356,5
1439,26296,6577,5
1440,26296,2219,5
1441,26296,2458,5
1442,26296,2461,5
1443,49010,163,5
1444,49010,2,5
1445,49010,51,5
1446,49010,1626,4
1447,49010,41,5
1448,49010,1504,4
1449,49010,3350,5
1450,49010,1,4
1451,49010,69,4
1452,49010,933,4
1453,49010,4599,5
1454,49010,1766,4
1455,49010,3677,5
1456,49010,12,4
1457,49010,355,5
1458,49010,8530,4
1459,49010,183,4
1460,49010,202,4
1461,49010,36,4
1462,49010,1505,5
1463,49010,340,4
1464,49010,68,4
1465,49010,74,5
1466,49010,147,4
1467,49010,151,5
1468,49010,175,5
1469,49010,214,5
1470,49010,294,5
1471,49010,428,5
1472,49010,684,5
1473,49010,909,4
1474,49010,1359,4
1475,49010,6918,5
1476,49010,153,5
1477,49010,309,5
1478,49010,460,5
1479,49010,607,5
1480,49010,110,5
1481,49010,135,5
1482,49010,165,5
1483,49010,188,5
1484,49010,1008,4
1485,49010,1716,4
1486,49010,1032,4
1487,49010,1456,4
1488,49010,1760,5
1489,49010,1634,4
1490,49010,2017,4
1491,49010,2120,4
1492,49010,2447,4
1493,49010,3420,5
1494,49010,70,5
1495,49010,6490,4
1496,49010,2764,4
1497,49010,3052,4
1498,49010,4125,5
1499,49010,2884,5
1500,49010,5488,5
1501,49010,345,4
1502,49010,447,4
1503,49010,648,5
1504,49010,1147,4
1505,49010,1425,4
1506,49010,2358,4
1507,49010,434,4
1508,49010,583,4
1509,49010,17,4
1510,49010,20,4
1511,49010,25,5
1512,49010,21,5
1513,49010,18,5
1514,49010,117,4
1515,49010,535,5
1516,33352,3607,5
1517,27851,30,4
1518,49418,2,4
1519,49418,51,5
1520,49418,2608,5
1521,49418,41,5
1522,49418,1109,4
1523,49418,636,5
1524,49418,1,5
1525,49418,175,5
1526,49418,2531,5
1527,49418,2756,5
1528,49418,2891,5
1529,49418,3060,5
1530,49418,8123,5
1531,21870,1511,4
1532,49427,1,4
1533,49427,12,5
1534,49427,2267,5
1535,49427,2884,4
1536,33352,5645,5
1537,49427,2558,4
1538,49427,5984,4
1539,49427,368,4
1540,49427,5075,5
1541,49427,90,5
1542,49427,525,4
1543,49427,8151,4
1544,49427,2,5
1545,49427,18,5
1546,49427,21,5
1547,49427,25,5
1548,49427,51,5
1549,49427,153,5
1550,49427,134,5
1551,49427,319,5
1552,49427,183,5
1553,49427,460,5
1554,49427,607,4
1555,49427,91,5
1556,49427,259,5
1557,49427,946,5
1558,49427,756,5
1559,49427,356,5
1560,49427,873,5
1561,49427,1033,5
1562,49427,1163,5
1563,49427,1225,5
1564,49427,1289,5
1565,49427,1233,5
1566,49427,1827,5
1567,49427,1774,5
1568,49427,1975,5
1569,49427,1977,5
1570,49427,1000,4
1571,49427,1045,5
1572,49427,69,5
1573,49427,324,5
1574,49427,210,5
1575,49427,1743,5
1576,49427,32,4
1577,49427,947,4
1578,49427,2008,4
1579,49427,2587,5
1580,49427,928,5
1581,49427,1782,5
1582,49427,340,5
1583,49427,1008,5
1584,49427,3704,5
1585,49427,164,4
1586,49427,1716,5
1587,49427,6,4
1588,49427,74,4
1589,49427,185,5
1590,49427,47,5
1591,49427,6964,4
1592,27851,348,5
1593,49732,7745,5
1594,49732,1,5
1595,49732,2319,5
1596,49732,12,5
1597,49732,182,5
1598,49732,370,5
1599,49732,548,5
1600,49732,200,5
1601,49732,166,4
1602,49732,91,5
1603,49732,259,5
1604,49732,376,5
1605,49732,69,5
1606,49732,105,5
1607,49732,1197,5
1608,49732,1045,5
1609,49732,2457,5
1610,49732,5393,5
1611,49732,4998,5
1612,49732,159,5
1613,49732,2909,4
1614,49732,175,5
1615,49732,294,5
1616,49732,428,5
1617,49732,3665,5
1618,49732,684,5
1619,49732,4975,5
1620,49732,1059,5
1621,49732,3992,5
1622,49732,4311,5
1623,49732,5541,5
1624,49732,6164,5
1625,49732,6938,5
1626,49732,7304,5
1627,49732,7514,5
1628,49732,500,5
1629,49732,2278,5
1630,49732,2684,5
1631,49732,3452,5
1632,49732,4234,5
1633,49732,4345,5
1634,49732,18,5
1635,49732,24,5
1636,49732,21,5
1637,49732,27,5
1638,49732,1550,5
1639,49732,6051,5
1640,49732,1824,5
1641,49732,2152,4
1642,49732,2919,4
1643,49732,3365,4
1644,49732,4114,5
1645,49732,17,5
1646,49732,20,5
1647,49732,5048,5
1648,49732,5372,5
1649,49732,5194,5
1650,49732,5383,5
1651,49732,5402,4
1652,49732,7880,4
1653,49732,1147,4
1654,49732,7192,4
1655,33352,206,5
1656,33352,423,4
1657,33352,506,4
1658,27851,536,5
1659,27851,3389,4
1660,27851,921,5
1661,27851,1062,4
1662,29790,2154,5
1663,29790,2721,4
1664,29790,3188,4
1665,29790,3478,4
1666,29790,3768,4
1667,29790,4651,4
1668,29790,8725,5
1669,29790,5837,4
1670,29790,1511,4
1671,29790,8708,4
1672,29790,141,5
1673,29790,4334,4
1674,29790,1848,4
1675,29790,5874,4
1676,29790,8339,4
1677,29790,2,4
1678,29790,283,4
1679,29790,1768,4
1680,29790,894,4
1681,29790,2606,4
1682,29790,2081,4
1683,29790,5613,4
1684,29790,535,4
1685,29790,862,5
1686,29790,2978,4
1687,29790,970,4
1688,29790,4745,4
1689,29790,185,4
1690,29790,2218,5
1691,29790,4621,4
1692,29790,1263,4
1693,29790,3727,5
1694,27851,5712,4
1695,50475,9912,4
1696,50475,7850,5
1697,50475,9853,4
1698,50475,7753,5
1699,50475,9417,4
1700,50475,3740,5
1701,50475,2096,5
1702,50475,5400,5
1703,50475,6514,5
1704,50475,2696,5
1705,50475,3762,5
1706,50475,2582,5
1707,50475,3232,5
1708,50475,3348,5
1709,50475,3094,5
1710,50475,3509,5
1711,50475,2864,5
1712,50475,6632,5
1713,50475,545,5
1714,50475,728,5
1715,50475,50,5
1716,50475,37,5
1717,50475,1047,5
1718,50475,251,5
1719,50475,93,5
1720,50475,296,5
1721,50475,117,5
1722,50475,1984,5
1723,50475,358,5
1724,50475,250,5
1725,50475,444,5
1726,50475,391,5
1727,50475,278,5
1728,50475,5140,5
1729,50475,346,5
1730,50475,133,5
1731,50475,245,5
1732,50475,601,5
1733,50475,36,5
1734,50475,454,4
1735,50475,549,5
1736,50475,661,5
1737,50475,1348,5
1738,50475,608,4
1739,50475,62,5
1740,50475,793,5
1741,50475,868,5
1742,50475,888,5
1743,50475,639,5
1744,50475,1222,4
1745,50475,905,5
1746,50475,3047,5
1747,50475,263,5
1748,50475,999,5
1749,50475,1211,5
1750,50475,786,5
1751,50475,577,5
1752,50475,1402,5
1753,50475,1305,5
1754,50475,1781,5
1755,50475,1373,5
1756,50475,1266,5
1757,50475,1648,5
1758,50475,1229,5
1759,50475,971,5
1760,50475,1469,5
1761,50475,116,5
1762,50475,857,5
1763,50475,1635,5
1764,50475,3363,5
1765,50475,1775,5
1766,50475,2311,5
1767,50475,2446,4
1768,50475,486,5
1769,50475,1108,5
1770,50475,4877,5
1771,50475,5265,5
1772,50475,2127,5
1773,50475,5446,5
1774,50475,2467,4
1775,50475,1738,5
1776,50475,3565,5
1777,5897,5099,4
1778,49010,2814,5
1779,49010,1502,5
1780,27851,164,5
1781,49010,2195,4
1782,49010,927,4
1783,49010,1852,5
1784,49010,8113,4
1785,21870,3532,4
1786,21870,5494,4
1787,5897,4621,4
1788,5897,7900,4
1789,5897,2676,4
1790,33352,1416,5
1791,49010,1840,4
1792,49010,3454,4
1793,49010,4105,5
1794,49010,7112,5
1795,49010,9128,4
1796,49010,8569,5
1797,5897,9208,5
1798,27851,991,4
1799,26399,267,5
1800,27851,88,4
1801,21870,1164,4
1802,33352,2997,5
1803,33352,3793,5
1804,47482,239,4
1805,5897,1370,5
1806,14888,3771,4
1807,14888,5735,5
1808,14888,917,5
1809,14888,1230,5
1810,14888,1346,5
1811,14888,2509,4
1812,14888,1674,5
1813,14888,2682,5
1814,14888,6614,5
1815,14888,1905,5
1816,14888,3474,5
1817,14888,1049,5
1818,14888,1200,4
1819,14888,1665,4
1820,14888,746,5
1821,14888,1254,5
1822,14888,2006,5
1823,14888,6487,5
1824,14888,6937,4
1825,14888,1837,5
1826,14888,1898,5
1827,14888,742,5
1828,14888,572,4
1829,14888,1294,5
1830,14888,1356,5
1831,14888,188,5
1832,14888,2889,5
1833,49010,4030,4
1834,16027,5271,5
1835,16027,6783,5
1836,16027,7460,5
1837,16027,8808,5
1838,27851,112,5
1839,27851,1080,5
1840,27851,2161,5
1841,26399,61,4
1842,21870,7320,4
1843,49010,3215,5
1844,49010,5760,4
1845,49010,221,4
1846,49010,1243,4
1847,23804,5566,5
1848,27851,36,4
1849,27851,61,5
1850,27851,2884,4
1851,5897,2609,4
1852,5897,4498,4
1853,5897,5956,4
1854,49418,214,5
1855,49418,159,5
1856,49418,210,5
1857,49418,6,4
1858,49418,3816,5
1859,49418,947,5
1860,49418,1472,4
1861,49418,252,5
1862,49418,73,5
1863,49418,1857,5
1864,49418,656,4
1865,49418,1652,5
1866,49418,2428,5
1867,49418,3665,5
1868,49418,134,4
1869,49418,153,4
1870,49418,309,4
1871,49418,206,5
1872,49418,506,5
1873,49418,47,4
1874,49418,2463,5
1875,49418,370,5
1876,49418,428,4
1877,49418,684,4
1878,49418,2019,5
1879,49418,4449,4
1880,49418,2477,5
1881,49418,2391,4
1882,49418,6562,5
1883,49418,3624,4
1884,49418,970,4
1885,49418,12,4
1886,49418,69,4
1887,49418,105,5
1888,49418,384,5
1889,49418,21,5
1890,49418,23,4
1891,49418,27,4
1892,49418,24,5
1893,26296,9539,4
1894,26296,6691,5
1895,5897,6926,4
1896,26399,1345,4
1897,26399,2348,4
1898,26399,437,4
1899,53062,30,4
1900,53062,9,4
1901,53062,145,4
1902,53062,72,4
1903,53062,197,4
1904,53062,348,4
1905,53062,3,5
1906,53062,6,4
1907,53062,674,4
1908,53062,3845,5
1909,53062,5680,5
1910,53062,5642,4
1911,53062,7184,4
1912,53062,631,4
1913,53062,652,4
1914,53062,748,4
1915,53062,871,4
1916,53062,1201,4
1917,53062,724,4
1918,53062,44,5
1919,53062,420,5
1920,53062,571,4
1921,53062,716,4
1922,53062,380,5
1923,53062,430,4
1924,53062,26,5
1925,53062,201,5
1926,53062,955,4
1927,53062,108,5
1928,53062,952,4
1929,53062,1436,4
1930,53062,2581,4
1931,53062,356,4
1932,53062,873,4
1933,53062,1033,4
1934,53062,1163,4
1935,53062,1225,4
1936,53062,1289,4
1937,53062,1233,4
1938,53062,1476,4
1939,53062,1549,4
1940,53062,1774,4
1941,53062,1827,4
1942,53062,1977,4
1943,53062,837,5
1944,53062,74,5
1945,53062,114,5
1946,53062,35,5
1947,53062,629,4
1948,53062,52,4
1949,27995,3371,4
1950,27995,3043,4
1951,53062,64,4
1952,53062,4986,4
1953,23804,1039,4
1954,27851,2046,5
1955,27851,813,4
1956,27851,244,4
1957,27851,1268,4
1958,27851,1919,4
1959,27851,124,5
1960,27851,290,5
1961,9012,352,4
1962,9012,1044,5
1963,9012,125,5
1964,9012,544,4
1965,9012,530,4
1966,9012,2380,5
1967,9012,89,4
1968,9012,829,4
1969,9012,158,4
1970,9012,41,5
1971,9012,594,5
1972,9012,6920,5
1973,9012,774,4
1974,9012,983,4
1975,9012,112,5
1976,9012,2626,4
1977,9012,2230,5
1978,9012,2054,5
1979,9012,736,4
1980,9012,164,5
1981,9012,223,5
1982,9012,3580,4
1983,9012,855,5
1984,9012,782,4
1985,49418,1413,4
1986,27851,2080,4
1987,49418,2941,5
1988,49418,1671,5
1989,49418,324,5
1990,27851,4489,5
1991,49010,192,5
1992,49010,307,5
1993,49418,202,5
1994,49418,3372,5
1995,27851,566,5
1996,27851,827,5
1997,27851,190,4
1998,34895,250,4
1999,34895,569,5
2000,34895,1351,5
2001,34895,2974,4
2002,34895,2381,4
2003,34895,2687,5
2004,34895,1535,5
2005,34895,5585,4
2006,34895,388,4
2007,34895,221,4
2008,34895,2961,5
2009,34895,512,4
2010,34895,175,5
2011,34895,294,5
2012,34895,428,5
2013,34895,684,5
2014,34895,1027,5
2015,34895,3526,5
2016,34895,2420,4
2017,34895,4449,4
2018,34895,2,5
2019,34895,18,5
2020,34895,21,5
2021,34895,24,5
2022,34895,27,5
2023,34895,469,4
2024,34895,399,4
2025,34895,77,4
2026,34895,1323,4
2027,34895,2619,4
2028,34895,711,4
2029,34895,6616,4
2030,34895,9725,4
2031,34895,8575,4
2032,34895,356,5
2033,34895,873,5
2034,34895,1033,5
2035,34895,1163,5
2036,34895,1225,5
2037,34895,1233,5
2038,34895,1476,5
2039,34895,1774,5
2040,34895,1975,5
2041,34895,32,4
2042,34895,1807,4
2043,34895,1435,4
2044,34895,3558,4
2045,34895,2933,4
2046,34895,19,4
2047,34895,706,5
2048,34895,7975,4
2049,34895,87,4
2050,34895,681,4
2051,34895,1366,4
2052,34895,699,4
2053,27851,2179,5
2054,53062,200,5
2055,34895,312,4
2056,34895,324,5
2057,5897,2140,4
2058,5897,8563,5
2059,5897,2205,4
2060,23804,2317,4
2061,23804,3454,4
2062,23804,4556,4
2063,5897,1524,5
2064,49010,9633,4
2065,33352,4060,4
2066,5897,5125,4
2067,7416,7241,3
2068,7416,4895,2
2069,7416,5871,3
2070,7416,3445,3
2071,7416,3515,3
2072,7416,1694,2
2073,7416,5818,3
2074,7416,3025,3
2075,7416,1821,2
2076,7416,4293,3
2077,7416,1779,3
2078,7416,907,3
2079,7416,336,3
2080,7416,1379,3
2081,7416,889,3
2082,8661,222,3
2083,8661,53,3
2084,8661,272,1
2085,8661,1336,3
2086,8661,3265,3
2087,8661,6269,3
2088,8661,3115,1
2089,8661,137,3
2090,8661,52,3
2091,8661,56,3
2092,8661,49,3
2093,8661,1848,3
2094,13340,29,3
2095,13340,19,3
2096,13340,10,3
2097,13340,43,3
2098,13340,694,3
2099,13340,349,3
2100,13340,691,3
2101,13340,739,3
2102,13340,1139,3
2103,13340,609,3
2104,13340,865,3
2105,13340,1123,3
2106,13340,1498,3
2107,13340,944,3
2108,13340,1987,3
2109,13340,1288,3
2110,13340,2352,3
2111,13340,2513,3
2112,13340,1795,3
2113,13340,6323,3
2114,13340,5903,3
2115,13340,5188,3
2116,13340,5763,3
2117,13340,1748,3
2118,13340,8418,3
2119,13340,3166,3
2120,13340,4656,3
2121,13340,3874,3
2122,13340,5092,3
2123,13340,5295,3
2124,13340,5609,3
2125,13340,5684,3
2126,13340,6080,3
2127,13340,7600,3
2128,13340,64,2
2129,13483,3,1
2130,13483,49,1
2131,13483,52,1
2132,13483,56,1
2133,14888,239,3
2134,14888,432,3
2135,14888,126,3
2136,14888,8,3
2137,15329,38,3
2138,15329,46,3
2139,15329,1922,3
2140,15329,1291,3
2141,15329,3616,3
2142,15329,1201,3
2143,15329,871,3
2144,15329,560,3
2145,15329,151,3
2146,15329,732,3
2147,15329,6979,3
2148,15329,9159,3
2149,15329,1959,2
2150,15329,1821,3
2151,15329,912,3
2152,15329,2138,3
2153,15329,1232,3
2154,15329,996,3
2155,15329,1067,3
2156,15329,1151,3
2157,15329,1226,3
2158,15329,1267,3
2159,15329,1390,3
2160,15329,1606,3
2161,15329,1694,3
2162,15329,212,3
2163,15329,727,2
2164,15329,152,3
2165,15329,1414,3
2166,15329,22,3
2167,15329,399,3
2168,15329,130,3
2169,15499,3697,3
2170,15499,8645,3
2171,15499,5533,1
2172,15499,5370,3
2173,15499,5410,3
2174,15499,7600,3
2175,15102,5764,3
2176,15102,1105,3
2177,15102,6440,3
2178,15102,8766,3
2179,15102,8853,3
2180,15102,1592,3
2181,15329,8040,3
2182,15329,821,2
2183,8661,1273,3
2184,8661,2083,3
2185,8661,2901,2
2186,8661,220,2
2187,8661,5533,3
2188,8661,954,2
2189,8661,4679,2
2190,15499,5951,2
2191,15499,980,3
2192,15499,2126,3
2193,15499,3408,2
2194,21870,282,3
2195,21870,2674,3
2196,21870,1536,2
2197,21870,2219,2
2198,21870,1989,2
2199,21870,165,3
2200,21870,5822,3
2201,21870,8327,2
2202,21870,2269,3
2203,13483,34,2
2204,13483,99,2
2205,13483,96,2
2206,21870,6606,3
2207,21870,5065,3
2208,21870,3291,3
2209,15102,2569,3
2210,8661,1901,3
2211,8661,4889,3
2212,26296,708,3
2213,26296,3894,3
2214,26296,169,3
2215,26296,286,3
2216,26296,622,3
2217,26296,571,3
2218,26296,1459,2
2219,26296,302,3
2220,26296,1414,3
2221,26296,3158,3
2222,26296,3431,3
2223,26296,3940,2
2224,26296,5952,2
2225,26296,4802,3
2226,26296,4387,2
2227,26296,4265,3
2228,26296,9684,2
2229,26399,5282,3
2230,26399,5166,3
2231,26399,6422,3
2232,26399,2981,3
2233,26399,6059,3
2234,26399,748,3
2235,26399,871,3
2236,26399,1201,3
2237,26399,1588,3
2238,26399,1070,2
2239,8661,218,3
2240,8661,1134,3
2241,27851,376,3
2242,27851,5383,3
2243,27851,11,3
2244,27851,28,3
2245,27851,4,3
2246,27851,714,3
2247,27995,34,3
2248,27995,2381,3
2249,27995,2282,3
2250,27995,2687,3
2251,8661,8820,3
2252,8661,7618,3
2253,21870,6691,3
2254,27851,435,3
2255,8661,3649,1
2256,8661,1946,3
2257,8661,1945,3
2258,8661,4816,3
2259,29790,2616,3
2260,29790,167,3
2261,29790,2006,3
2262,29790,1105,3
2263,29790,492,3
2264,29790,838,3
2265,23804,34,3
2266,23804,2701,2
2267,29790,1014,3
2268,29790,1332,3
2269,26399,1134,3
2270,26399,1981,3
2271,26399,2779,3
2272,26399,2502,3
2273,26399,6486,3
2274,26399,2807,3
2275,26399,3330,3
2276,26399,3673,3
2277,26399,3819,3
2278,26399,1821,3
2279,26399,1959,3
2280,26399,2138,3
2281,26399,2094,3
2282,26399,2264,3
2283,32264,22,3
2284,32264,64,3
2285,32264,3,3
2286,32264,42,3
2287,32264,308,3
2288,32264,3258,3
2289,32264,3605,3
2290,32264,222,3
2291,32264,227,3
2292,32264,1037,3
2293,27851,73,3
2294,26399,3940,3
2295,13483,203,2
2296,26399,226,3
2297,9012,40,1
2298,9012,3,2
2299,9012,34,1
2300,9012,38,3
2301,9012,11,2
2302,9012,117,3
2303,9012,107,1
2304,9012,26,3
2305,9012,20,1
2306,9012,21,3
2307,9012,542,3
2308,9012,5,3
2309,9012,69,3
2310,9012,36,3
2311,26399,7601,3
2312,33352,187,3
2313,26399,1979,3
2314,27851,615,3
2315,21870,5599,3
2316,27851,3039,3
2317,5897,6340,3
2318,5897,7113,3
2319,26296,3035,3
2320,26296,4481,3
2321,26296,4876,3
2322,26296,301,3
2323,26399,1291,3
2324,15102,20,3
2325,15102,1801,3
2326,26296,359,3
2327,21870,1674,3
2328,26399,3017,3
2329,5897,7589,3
2330,23804,4816,3
2331,23804,904,3
2332,15499,2550,3
2333,15499,2605,3
2334,15499,2911,3
2335,15499,3510,3
2336,15499,3608,3
2337,15499,3874,3
2338,15499,3832,3
2339,15499,3990,3
2340,15499,4425,3
2341,15499,4867,3
2342,15499,3166,3
2343,15499,5092,3
2344,15499,5295,3
2345,15499,5609,3
2346,15499,2056,3
2347,15499,949,2
2348,15499,1119,3
2349,15499,1249,3
2350,15499,1362,3
2351,15499,1525,2
2352,15499,1278,3
2353,44646,125,3
2354,44646,1120,3
2355,44646,198,2
2356,44646,456,3
2357,44646,2076,2
2358,44646,122,3
2359,44646,825,2
2360,44646,3007,2
2361,44646,650,3
2362,44646,108,3
2363,44646,120,3
2364,44646,2546,3
2365,44646,4141,3
2366,44646,16,3
2367,44646,342,1
2368,44646,8646,3
2369,44646,3025,3
2370,44646,114,3
2371,44646,79,3
2372,44646,4895,3
2373,5897,2500,3
2374,23804,3514,3
2375,23804,6416,3
2376,23804,4479,3
2377,21870,4,3
2378,23804,3616,3
2379,23804,2345,3
2380,5897,7003,3
2381,5897,6188,2
2382,21870,6614,3
2383,23804,3201,3
2384,47482,2325,3
2385,47482,9299,3
2386,5897,2904,3
2387,47482,1991,3
2388,47482,1089,3
2389,47482,1368,3
2390,47482,1343,3
2391,47482,2109,3
2392,47482,2469,3
2393,47482,2677,3
2394,47482,2452,3
2395,47482,2658,3
2396,47482,2936,3
2397,47482,2866,3
2398,47482,5099,3
2399,47482,7892,3
2400,47482,1105,3
2401,47482,1262,3
2402,47482,2045,3
2403,47482,2491,3
2404,47482,2817,3
2405,47482,6440,3
2406,47482,6188,3
2407,47482,8049,3
2408,47482,9675,3
2409,47482,8766,3
2410,47482,1479,3
2411,47482,2407,3
2412,47482,2493,3
2413,47482,2518,3
2414,47482,2631,3
2415,47482,4688,3
2416,47482,3737,1
2417,47482,1042,2
2418,47482,1727,2
2419,47482,5072,2
2420,15499,4776,3
2421,15499,2978,3
2422,5897,2218,3
2423,15499,1511,3
2424,26296,4530,3
2425,26399,112,3
2426,49010,2283,2
2427,49010,388,3
2428,49010,105,3
2429,49010,4573,1
2430,49010,9500,1
2431,49418,7,3
2432,49427,3,2
2433,49427,187,3
2434,49427,280,3
2435,49427,1118,2
2436,49427,300,3
2437,49427,519,3
2438,49427,535,3
2439,49427,376,3
2440,49427,5465,3
2441,49427,105,3
2442,49427,3773,3
2443,49427,1050,3
2444,49427,202,3
2445,49427,434,3
2446,49427,42,2
2447,49427,182,3
2448,49427,1147,3
2449,49427,1425,3
2450,49427,2358,3
2451,49427,88,3
2452,49427,275,3
2453,49427,149,3
2454,49732,2358,3
2455,49732,8797,3
2456,13340,6432,3
2457,29790,6397,3
2458,29790,7248,3
2459,29790,9098,3
2460,29790,5559,3
2461,29790,6254,3
2462,29790,7164,3
2463,29790,7691,3
2464,29790,24,3
2465,29790,23,3
2466,29790,21,3
2467,29790,27,3
2468,29790,2452,3
2469,29790,1816,3
2470,29790,1502,3
2471,29790,2814,3
2472,29790,2118,3
2473,29790,9164,3
2474,29790,2819,3
2475,50475,2376,1
2476,50475,707,3
2477,27851,4306,3
2478,26399,7758,3
2479,14888,6015,3
2480,14888,4903,3
2481,14888,1039,2
2482,14888,4776,3
2483,21870,8,2
2484,49010,90,3
2485,49010,2007,3
2486,27851,351,3
2487,49418,151,3
2488,49418,49,3
2489,49418,52,3
2490,49418,56,3
2491,49418,6817,3
2492,49418,730,2
2493,49418,392,2
2494,49418,1043,2
2495,49418,1166,2
2496,49418,1194,2
2497,49418,1376,2
2498,49418,1428,2
2499,49418,2786,2
2500,26296,8550,3
2501,53062,253,3
2502,53062,244,3
2503,53062,22,2
2504,53062,170,3
2505,53062,34,3
2506,53062,164,2
2507,53062,324,1
2508,53062,1841,3
2509,53062,3098,3
2510,53062,3623,2
2511,53062,622,3
2512,53062,1414,3
2513,53062,1459,3
2514,53062,88,1
2515,53062,146,1
2516,53062,708,3
2517,53062,2430,3
2518,53062,5044,3
2519,53062,5499,3
2520,53062,6534,3
2521,53062,99,3
2522,53062,96,3
2523,53062,694,3
2524,53062,1066,3
2525,53062,1284,3
2526,53062,1614,3
2527,53062,7975,2
2528,53062,509,3
2529,53062,112,3
2530,21870,9539,3
2531,26399,8434,3
2532,53062,566,3
2533,9012,80,3
2534,9012,5989,2
2535,9012,52,2
2536,9012,130,2
2537,9012,170,2
2538,9012,5184,3
2539,9012,535,3
2540,49418,4710,3
2541,27851,973,3
2542,27851,950,3
2543,34895,53,3
2544,34895,4659,2
2545,34895,2785,3
2546,34895,7144,2
2547,34895,1897,3
2548,34895,5636,3
2549,34895,6136,2
2550,34895,849,2
2551,34895,4166,3
2552,34895,1413,2
2553,34895,4782,2
2554,34895,828,3
2555,34895,71,3
2556,34895,853,3
2557,34895,254,3
2558,34895,1585,3
2559,34895,957,3
2560,34895,928,3
2561,34895,1782,3
2562,34895,2558,3
2563,34895,5815,3
2564,34895,58,3
2565,34895,116,2
2566,34895,2071,2
2567,34895,2916,3
2568,34895,6270,3
2569,34895,452,3
2570,34895,28,3
2571,34895,536,2
2572,23804,279,3
2573,23804,3382,3
2574,23804,96,2
